id,sup_esq,sup_meio,sup_dir,meio_esq,centro,meio_dir,inf_esq,inf_meio,inf_dir,n_jogadas,classe,origem
1,x,b,x,b,x,o,x,o,o,7,x_venceu,uci_original
2,x,b,o,b,o,x,o,x,b,6,o_venceu,uci_original
3,o,x,x,x,o,o,o,x,b,8,tem_jogo,gerado_arvore_jogo
4,x,x,x,x,o,o,o,x,o,9,x_venceu,uci_original
5,o,x,b,x,x,x,o,b,o,7,x_venceu,uci_original
6,x,x,o,o,x,o,o,x,x,9,x_venceu,uci_original
7,b,b,x,b,o,x,o,b,x,5,x_venceu,uci_original
8,b,b,b,o,x,b,x,b,b,3,tem_jogo,gerado_arvore_jogo
9,o,o,x,o,b,x,x,b,x,7,x_venceu,uci_original
10,o,b,b,x,o,x,x,b,o,6,o_venceu,uci_original
11,b,x,x,x,o,o,x,o,o,8,tem_jogo,gerado_arvore_jogo
12,o,b,o,x,o,x,o,x,x,8,o_venceu,uci_original
13,b,b,b,b,b,b,x,b,b,1,tem_jogo,gerado_arvore_jogo
14,o,o,b,o,x,x,o,x,x,8,o_venceu,uci_original
15,b,b,x,o,x,b,x,b,o,5,x_venceu,uci_original
16,o,x,o,x,x,x,x,o,o,9,x_venceu,uci_original
17,o,o,x,x,o,x,o,x,b,8,tem_jogo,gerado_arvore_jogo
18,x,o,b,b,o,x,b,b,b,4,tem_jogo,gerado_arvore_jogo
19,b,b,o,b,b,x,x,o,x,5,tem_jogo,gerado_arvore_jogo
20,b,x,o,o,o,b,x,x,x,7,x_venceu,uci_original
21,b,x,o,x,o,b,o,x,b,6,o_venceu,uci_original
22,x,x,o,x,o,b,x,o,b,7,x_venceu,uci_original
23,o,x,x,b,x,x,o,o,o,8,o_venceu,uci_original
24,x,o,x,x,o,x,o,x,o,9,empate,uci_original
25,b,x,x,x,b,o,o,o,x,7,tem_jogo,gerado_arvore_jogo
26,o,b,x,b,b,o,o,x,x,6,tem_jogo,gerado_arvore_jogo
27,b,b,x,b,o,x,b,o,x,5,x_venceu,uci_original
28,x,x,o,x,o,b,o,x,o,8,o_venceu,uci_original
29,x,x,o,b,o,x,o,x,o,8,o_venceu,uci_original
30,x,x,o,o,x,o,x,o,x,9,x_venceu,uci_original
31,o,o,b,x,x,x,b,b,b,5,x_venceu,uci_original
32,x,o,o,x,o,b,o,x,x,8,o_venceu,uci_original
33,o,b,x,x,o,b,b,x,o,6,o_venceu,uci_original
34,x,x,b,o,o,b,x,b,b,5,tem_jogo,gerado_arvore_jogo
35,b,x,x,b,x,b,o,o,o,6,o_venceu,uci_original
36,b,b,b,b,b,b,b,b,x,1,tem_jogo,gerado_arvore_jogo
37,x,x,o,x,x,o,o,b,o,8,o_venceu,uci_original
38,x,o,o,x,o,x,o,b,x,8,o_venceu,uci_original
39,b,o,x,x,x,o,x,b,o,7,x_venceu,uci_original
40,o,b,b,o,x,b,o,x,x,6,o_venceu,uci_original
41,o,x,x,b,o,b,x,b,o,6,o_venceu,uci_original
42,b,x,o,x,o,o,o,x,x,8,o_venceu,uci_original
43,o,o,x,o,x,x,x,x,o,9,x_venceu,uci_original
44,b,o,b,x,o,x,x,o,b,6,o_venceu,uci_original
45,x,b,o,o,x,o,x,x,o,8,o_venceu,uci_original
46,o,x,x,x,o,b,x,o,o,8,o_venceu,uci_original
47,o,x,x,x,o,o,b,b,x,7,tem_jogo,gerado_arvore_jogo
48,b,o,x,x,o,x,b,o,b,6,o_venceu,uci_original
49,x,b,b,b,x,o,o,b,x,5,x_venceu,uci_original
50,b,b,b,b,x,b,b,b,b,1,tem_jogo,gerado_arvore_jogo
51,o,b,x,x,x,x,o,o,b,7,x_venceu,uci_original
52,x,o,o,x,o,b,x,b,x,7,x_venceu,uci_original
53,o,x,x,o,o,x,x,o,x,9,x_venceu,uci_original
54,x,o,b,x,x,b,o,x,o,7,tem_jogo,gerado_arvore_jogo
55,x,x,x,b,b,o,b,b,o,5,x_venceu,uci_original
56,o,b,o,o,x,x,x,o,x,8,tem_jogo,gerado_arvore_jogo
57,x,o,x,b,x,o,b,o,x,7,x_venceu,uci_original
58,o,x,o,x,x,o,x,o,x,9,empate,uci_original
59,x,o,b,b,x,o,x,o,b,6,tem_jogo,gerado_arvore_jogo
60,o,b,x,x,x,o,o,o,x,8,tem_jogo,gerado_arvore_jogo
61,b,o,b,b,x,x,b,o,b,4,tem_jogo,gerado_arvore_jogo
62,x,x,o,x,o,o,x,o,x,9,x_venceu,uci_original
63,o,x,b,b,x,o,b,x,b,5,x_venceu,uci_original
64,b,x,x,o,o,o,x,x,o,8,o_venceu,uci_original
65,b,b,x,b,x,b,o,b,b,3,tem_jogo,gerado_arvore_jogo
66,b,o,b,x,o,b,x,o,x,6,o_venceu,uci_original
67,o,x,x,x,o,o,o,x,x,9,empate,uci_original
68,b,b,o,o,b,b,x,x,x,5,x_venceu,uci_original
69,x,x,b,b,x,o,o,o,x,7,x_venceu,uci_original
70,x,b,x,b,b,o,x,b,o,5,tem_jogo,gerado_arvore_jogo
71,o,o,o,b,x,x,b,b,x,6,o_venceu,uci_original
72,o,o,x,x,b,x,x,o,o,8,tem_jogo,gerado_arvore_jogo
73,x,b,b,b,b,o,x,o,b,4,tem_jogo,gerado_arvore_jogo
74,b,o,x,b,x,x,x,o,o,7,x_venceu,uci_original
75,x,x,o,x,b,b,o,b,b,5,tem_jogo,gerado_arvore_jogo
76,x,o,x,x,x,o,o,o,x,9,x_venceu,uci_original
77,b,o,x,o,b,x,b,b,x,5,x_venceu,uci_original
78,b,b,o,x,o,x,o,x,b,6,o_venceu,uci_original
79,x,b,b,b,o,b,x,b,b,3,tem_jogo,gerado_arvore_jogo
80,b,b,b,b,b,x,b,o,x,3,tem_jogo,gerado_arvore_jogo
81,x,x,o,o,b,o,x,o,x,8,tem_jogo,gerado_arvore_jogo
82,b,x,o,b,x,x,o,x,o,7,x_venceu,uci_original
83,b,o,x,o,x,x,x,o,b,7,x_venceu,uci_original
84,o,b,b,b,b,x,b,b,b,2,tem_jogo,gerado_arvore_jogo
85,x,x,x,o,b,b,o,b,b,5,x_venceu,uci_original
86,o,x,x,x,o,o,b,x,o,8,o_venceu,uci_original
87,o,o,x,x,o,b,x,o,x,8,o_venceu,uci_original
88,x,o,x,x,o,x,o,o,b,8,o_venceu,uci_original
89,o,x,o,x,x,x,o,o,x,9,x_venceu,uci_original
90,x,o,x,b,o,b,b,o,x,6,o_venceu,uci_original
91,x,o,x,o,o,x,o,x,x,9,x_venceu,uci_original
92,o,b,o,x,o,x,x,o,x,8,tem_jogo,gerado_arvore_jogo
93,b,b,x,b,x,x,o,o,o,6,o_venceu,uci_original
94,o,b,x,o,x,x,x,b,o,7,x_venceu,uci_original
95,o,o,x,x,o,b,x,x,o,8,o_venceu,uci_original
96,o,b,b,x,o,x,b,x,o,6,o_venceu,uci_original
97,o,x,b,b,x,b,o,x,b,5,x_venceu,uci_original
98,b,x,b,o,o,o,x,b,x,6,o_venceu,uci_original
99,x,o,b,o,x,x,b,o,x,7,x_venceu,uci_original
100,o,b,b,o,b,x,o,x,x,6,o_venceu,uci_original
101,x,b,x,o,o,o,b,x,b,6,o_venceu,uci_original
102,o,b,x,x,o,o,x,o,x,8,tem_jogo,gerado_arvore_jogo
103,x,x,x,o,o,x,o,o,x,9,x_venceu,uci_original
104,x,b,x,o,o,o,b,b,x,6,o_venceu,uci_original
105,o,x,x,o,o,b,b,b,x,6,tem_jogo,gerado_arvore_jogo
106,x,x,o,o,o,o,x,b,x,8,o_venceu,uci_original
107,o,x,x,o,x,b,o,b,b,6,o_venceu,uci_original
108,o,x,x,x,o,x,b,o,o,8,o_venceu,uci_original
109,b,o,x,b,x,b,x,b,o,5,x_venceu,uci_original
110,x,b,o,b,o,o,x,x,x,7,x_venceu,uci_original
111,b,o,x,x,o,b,x,o,b,6,o_venceu,uci_original
112,o,x,x,x,x,o,b,b,o,7,tem_jogo,gerado_arvore_jogo
113,b,x,b,o,x,b,b,o,b,4,tem_jogo,gerado_arvore_jogo
114,b,b,x,o,o,o,x,b,x,6,o_venceu,uci_original
115,o,b,o,o,x,x,o,x,x,8,o_venceu,uci_original
116,x,b,o,b,o,b,o,x,x,6,o_venceu,uci_original
117,x,o,o,x,o,o,b,x,x,8,tem_jogo,gerado_arvore_jogo
118,b,o,b,x,b,b,b,b,b,2,tem_jogo,gerado_arvore_jogo
119,x,b,o,b,x,x,o,o,x,7,x_venceu,uci_original
120,b,x,x,x,o,x,o,o,o,8,o_venceu,uci_original
121,o,x,x,o,b,x,o,x,o,8,o_venceu,uci_original
122,b,x,b,b,x,x,o,o,o,6,o_venceu,uci_original
123,o,o,x,x,o,o,x,x,x,9,x_venceu,uci_original
124,b,b,o,x,x,o,b,x,o,6,o_venceu,uci_original
125,x,x,o,b,x,o,b,b,o,6,o_venceu,uci_original
126,x,o,o,o,x,x,x,x,o,9,empate,uci_original
127,b,x,b,o,o,o,x,x,b,6,o_venceu,uci_original
128,x,o,o,x,x,o,x,o,x,9,x_venceu,uci_original
129,o,b,o,b,b,b,x,b,x,4,tem_jogo,gerado_arvore_jogo
130,o,b,b,x,x,x,b,b,o,5,x_venceu,uci_original
131,x,b,b,o,x,o,x,o,x,7,x_venceu,uci_original
132,x,x,o,x,x,o,b,o,o,8,o_venceu,uci_original
133,o,x,o,b,x,b,b,x,b,5,x_venceu,uci_original
134,o,b,x,b,x,b,x,o,b,5,x_venceu,uci_original
135,x,o,x,b,x,x,o,o,o,8,o_venceu,uci_original
136,x,x,x,o,x,o,o,x,o,9,x_venceu,uci_original
137,o,b,b,o,x,x,x,o,x,7,tem_jogo,gerado_arvore_jogo
138,b,o,x,o,x,b,x,x,o,7,x_venceu,uci_original
139,x,o,b,x,o,x,b,o,b,6,o_venceu,uci_original
140,o,x,x,o,o,o,b,x,x,8,o_venceu,uci_original
141,o,b,x,x,x,o,x,o,b,7,x_venceu,uci_original
142,b,o,b,x,x,x,b,o,b,5,x_venceu,uci_original
143,x,o,b,o,o,x,b,x,b,6,tem_jogo,gerado_arvore_jogo
144,b,b,o,b,x,o,x,x,o,6,o_venceu,uci_original
145,b,x,x,o,o,o,o,x,x,8,o_venceu,uci_original
146,o,b,x,o,x,b,o,b,x,6,o_venceu,uci_original
147,o,b,x,x,o,b,b,x,b,5,tem_jogo,gerado_arvore_jogo
148,b,x,b,x,o,o,o,x,x,7,tem_jogo,gerado_arvore_jogo
149,x,o,b,x,x,o,x,b,o,7,x_venceu,uci_original
150,o,x,b,x,o,b,x,b,o,6,o_venceu,uci_original
151,b,x,o,o,x,x,b,b,o,6,tem_jogo,gerado_arvore_jogo
152,o,o,x,o,x,b,b,x,x,7,tem_jogo,gerado_arvore_jogo
153,x,o,o,b,x,b,b,b,x,5,x_venceu,uci_original
154,x,o,x,o,o,b,x,x,o,8,tem_jogo,gerado_arvore_jogo
155,x,x,o,b,b,o,b,b,x,5,tem_jogo,gerado_arvore_jogo
156,o,x,o,x,b,o,x,o,x,8,tem_jogo,gerado_arvore_jogo
157,x,x,o,o,o,x,x,o,x,9,empate,uci_original
158,o,x,x,x,b,x,o,o,o,8,o_venceu,uci_original
159,x,b,b,o,x,o,o,x,x,7,x_venceu,uci_original
160,x,x,x,x,o,o,x,o,o,9,x_venceu,uci_original
161,b,x,o,x,o,b,o,b,x,6,o_venceu,uci_original
162,x,b,o,x,o,b,o,x,b,6,o_venceu,uci_original
163,b,o,x,x,b,o,b,x,b,5,tem_jogo,gerado_arvore_jogo
164,b,o,b,o,x,x,b,b,x,5,tem_jogo,gerado_arvore_jogo
165,x,x,o,b,o,x,o,o,x,8,o_venceu,uci_original
166,x,x,o,b,o,b,o,b,x,6,o_venceu,uci_original
167,x,o,x,o,x,o,x,x,o,9,x_venceu,uci_original
168,x,o,o,b,x,o,b,x,x,7,x_venceu,uci_original
169,x,x,x,o,b,o,b,o,x,7,x_venceu,uci_original
170,x,o,o,o,x,x,x,o,b,8,tem_jogo,gerado_arvore_jogo
171,o,b,x,b,o,x,b,b,x,5,x_venceu,uci_original
172,x,b,o,o,x,b,b,b,x,5,x_venceu,uci_original
173,x,o,o,b,o,x,x,o,x,8,o_venceu,uci_original
174,b,x,b,x,x,b,o,o,o,6,o_venceu,uci_original
175,o,o,x,o,x,x,x,b,b,7,x_venceu,uci_original
176,b,o,x,b,o,x,b,x,o,6,tem_jogo,gerado_arvore_jogo
177,x,x,b,x,o,o,x,b,o,7,x_venceu,uci_original
178,b,b,b,x,b,b,b,b,b,1,tem_jogo,gerado_arvore_jogo
179,b,b,b,b,x,b,o,x,b,3,tem_jogo,gerado_arvore_jogo
180,x,x,x,o,b,b,b,b,o,5,x_venceu,uci_original
181,x,b,o,b,x,b,b,o,x,5,x_venceu,uci_original
182,o,x,x,x,x,o,o,o,x,9,empate,uci_original
183,o,x,x,x,o,x,o,o,x,9,x_venceu,uci_original
184,x,b,x,x,x,o,o,o,o,8,o_venceu,uci_original
185,x,o,x,x,x,o,o,x,o,9,empate,uci_original
186,b,b,x,x,b,b,b,b,o,3,tem_jogo,gerado_arvore_jogo
187,b,b,b,b,o,b,b,x,b,2,tem_jogo,gerado_arvore_jogo
188,b,b,x,o,x,b,x,o,b,5,x_venceu,uci_original
189,b,b,b,b,x,o,x,o,b,4,tem_jogo,gerado_arvore_jogo
190,x,b,x,x,o,o,x,o,b,7,x_venceu,uci_original
191,x,o,b,o,x,b,x,o,x,7,x_venceu,uci_original
192,x,o,o,x,x,x,o,x,o,9,x_venceu,uci_original
193,o,x,x,o,b,x,x,o,b,7,tem_jogo,gerado_arvore_jogo
194,o,o,o,b,x,b,x,x,b,6,o_venceu,uci_original
195,x,b,b,b,x,b,o,o,x,5,x_venceu,uci_original
196,b,x,b,x,b,x,o,o,o,6,o_venceu,uci_original
197,x,b,b,x,o,x,o,o,b,6,tem_jogo,gerado_arvore_jogo
198,o,x,x,o,x,o,x,o,x,9,x_venceu,uci_original
199,o,b,x,o,x,x,o,b,b,6,o_venceu,uci_original
200,b,o,b,b,o,x,x,o,x,6,o_venceu,uci_original
201,x,x,o,o,b,x,o,x,b,7,tem_jogo,gerado_arvore_jogo
202,x,x,o,x,o,o,b,x,o,8,o_venceu,uci_original
203,o,x,b,x,x,o,o,b,x,7,tem_jogo,gerado_arvore_jogo
204,b,o,o,x,b,o,b,x,x,6,tem_jogo,gerado_arvore_jogo
205,x,o,x,x,x,b,o,o,b,7,tem_jogo,gerado_arvore_jogo
206,b,b,o,b,x,b,b,b,b,2,tem_jogo,gerado_arvore_jogo
207,x,o,x,x,x,o,x,o,o,9,x_venceu,uci_original
208,x,b,o,x,b,b,x,b,o,5,x_venceu,uci_original
209,b,b,x,x,b,o,b,b,b,3,tem_jogo,gerado_arvore_jogo
210,b,b,x,o,o,x,b,b,x,5,x_venceu,uci_original
211,x,x,x,o,o,b,o,b,x,7,x_venceu,uci_original
212,x,b,o,x,b,o,b,x,o,6,o_venceu,uci_original
213,b,o,x,o,o,b,x,x,x,7,x_venceu,uci_original
214,x,o,x,b,o,x,b,o,b,6,o_venceu,uci_original
215,x,o,x,x,o,o,x,x,o,9,x_venceu,uci_original
216,o,o,x,x,x,o,o,x,x,9,empate,uci_original
217,b,x,o,x,o,o,b,x,b,6,tem_jogo,gerado_arvore_jogo
218,b,b,b,x,b,x,o,b,o,4,tem_jogo,gerado_arvore_jogo
219,x,b,x,o,o,o,x,x,o,8,o_venceu,uci_original
220,x,b,b,b,b,b,b,b,b,1,tem_jogo,gerado_arvore_jogo
221,x,x,o,x,o,o,o,x,b,8,o_venceu,uci_original
222,x,b,b,b,b,b,o,b,b,2,tem_jogo,gerado_arvore_jogo
223,b,o,x,x,o,b,b,o,x,6,o_venceu,uci_original
224,o,x,x,o,b,b,o,b,x,6,o_venceu,uci_original
225,b,x,b,x,b,x,o,o,b,5,tem_jogo,gerado_arvore_jogo
226,o,o,x,x,x,b,x,o,b,7,x_venceu,uci_original
227,b,x,b,o,o,o,b,x,x,6,o_venceu,uci_original
228,b,b,b,b,x,o,b,b,x,3,tem_jogo,gerado_arvore_jogo
229,x,o,x,b,o,x,o,x,b,7,tem_jogo,gerado_arvore_jogo
230,b,b,b,b,b,b,x,b,o,2,tem_jogo,gerado_arvore_jogo
231,b,x,o,b,o,x,o,x,b,6,o_venceu,uci_original
232,o,x,b,o,b,b,o,x,x,6,o_venceu,uci_original
233,o,o,x,x,x,o,x,x,o,9,x_venceu,uci_original
234,o,x,x,b,o,x,b,o,x,7,x_venceu,uci_original
235,x,x,o,x,b,b,o,o,x,7,tem_jogo,gerado_arvore_jogo
236,b,x,o,x,b,o,x,b,b,5,tem_jogo,gerado_arvore_jogo
237,o,o,x,x,x,x,o,x,o,9,x_venceu,uci_original
238,b,x,o,x,o,x,o,x,o,8,o_venceu,uci_original
239,x,x,o,o,x,x,x,o,o,9,empate,uci_original
240,b,b,o,x,b,x,o,b,b,4,tem_jogo,gerado_arvore_jogo
241,o,x,x,b,o,x,x,o,o,8,o_venceu,uci_original
242,o,o,o,b,x,b,x,b,x,6,o_venceu,uci_original
243,o,b,b,b,o,b,x,x,x,5,x_venceu,uci_original
244,x,x,b,x,o,o,b,b,o,6,tem_jogo,gerado_arvore_jogo
245,x,o,b,o,o,x,x,o,x,8,o_venceu,uci_original
246,x,o,o,o,x,x,x,b,o,8,tem_jogo,gerado_arvore_jogo
247,x,o,o,x,b,b,b,b,x,5,tem_jogo,gerado_arvore_jogo
248,x,o,x,o,o,x,x,x,o,9,empate,uci_original
249,o,b,x,b,o,o,x,x,x,7,x_venceu,uci_original
250,o,x,x,b,o,b,b,x,o,6,o_venceu,uci_original
251,o,x,x,x,x,o,x,o,o,9,x_venceu,uci_original
252,x,o,b,o,b,x,b,b,b,4,tem_jogo,gerado_arvore_jogo
253,o,x,o,x,o,x,o,x,b,8,o_venceu,uci_original
254,x,b,b,o,x,o,b,b,x,5,x_venceu,uci_original
255,o,x,o,o,x,b,x,b,b,6,tem_jogo,gerado_arvore_jogo
256,b,b,x,b,x,o,x,b,o,5,x_venceu,uci_original
257,x,o,o,x,x,x,o,o,x,9,x_venceu,uci_original
258,b,x,o,b,x,b,b,o,x,5,tem_jogo,gerado_arvore_jogo
259,b,o,x,x,x,b,b,o,b,5,tem_jogo,gerado_arvore_jogo
260,x,x,x,o,b,o,b,b,b,5,x_venceu,uci_original
261,o,b,o,x,x,o,x,x,o,8,o_venceu,uci_original
262,o,b,b,b,x,o,b,x,b,4,tem_jogo,gerado_arvore_jogo
263,o,x,x,o,x,x,o,b,o,8,o_venceu,uci_original
264,b,b,x,b,x,o,b,b,b,3,tem_jogo,gerado_arvore_jogo
265,o,o,o,b,b,x,x,b,x,6,o_venceu,uci_original
266,x,x,o,o,o,o,b,x,x,8,o_venceu,uci_original
267,o,o,x,o,o,x,x,x,x,9,x_venceu,uci_original
268,o,b,x,b,o,x,o,x,x,7,x_venceu,uci_original
269,o,o,o,x,x,o,b,x,x,8,o_venceu,uci_original
270,x,x,x,x,o,b,o,b,o,7,x_venceu,uci_original
271,x,o,o,x,o,o,x,x,x,9,x_venceu,uci_original
272,x,b,b,x,b,b,x,o,o,5,x_venceu,uci_original
273,o,o,o,x,o,x,x,b,x,8,o_venceu,uci_original
274,o,x,b,x,o,x,b,b,o,6,o_venceu,uci_original
275,x,b,o,b,x,o,b,b,x,5,x_venceu,uci_original
276,o,x,b,x,o,x,o,x,o,8,o_venceu,uci_original
277,x,b,b,o,o,o,x,x,b,6,o_venceu,uci_original
278,x,o,b,b,b,x,b,o,x,5,tem_jogo,gerado_arvore_jogo
279,x,o,o,b,x,x,o,x,o,8,tem_jogo,gerado_arvore_jogo
280,x,o,o,x,o,x,x,x,o,9,x_venceu,uci_original
281,x,x,o,b,o,o,x,x,o,8,o_venceu,uci_original
282,x,o,o,o,x,x,b,x,b,7,tem_jogo,gerado_arvore_jogo
283,x,o,o,b,o,x,o,x,x,8,o_venceu,uci_original
284,x,x,x,o,b,b,o,o,x,7,x_venceu,uci_original
285,x,x,x,x,o,o,o,o,x,9,x_venceu,uci_original
286,x,b,o,x,b,x,b,o,o,6,tem_jogo,gerado_arvore_jogo
287,o,o,o,x,x,b,x,x,o,8,o_venceu,uci_original
288,b,x,b,b,o,o,b,b,x,4,tem_jogo,gerado_arvore_jogo
289,x,o,x,x,o,o,o,x,x,9,empate,uci_original
290,x,b,b,o,x,b,b,o,x,5,x_venceu,uci_original
291,b,o,o,x,x,x,b,b,b,5,x_venceu,uci_original
292,o,x,x,b,o,o,x,x,o,8,o_venceu,uci_original
293,b,o,b,b,b,x,b,b,b,2,tem_jogo,gerado_arvore_jogo
294,o,b,x,b,b,x,x,o,b,5,tem_jogo,gerado_arvore_jogo
295,b,o,x,b,x,o,x,b,b,5,x_venceu,uci_original
296,o,x,b,b,x,b,b,x,o,5,x_venceu,uci_original
297,o,x,x,o,x,o,b,o,x,8,tem_jogo,gerado_arvore_jogo
298,x,o,b,o,o,x,x,b,x,7,tem_jogo,gerado_arvore_jogo
299,x,o,b,o,x,b,b,b,x,5,x_venceu,uci_original
300,x,x,o,o,o,o,x,x,b,8,o_venceu,uci_original
301,b,b,b,x,x,b,o,o,b,4,tem_jogo,gerado_arvore_jogo
302,b,b,b,b,b,b,b,x,b,1,tem_jogo,gerado_arvore_jogo
303,o,x,b,b,b,b,o,x,x,5,tem_jogo,gerado_arvore_jogo
304,o,o,x,x,o,x,x,b,o,8,o_venceu,uci_original
305,o,x,b,b,o,x,x,b,o,6,o_venceu,uci_original
306,x,x,x,b,b,b,b,o,o,5,x_venceu,uci_original
307,b,o,b,b,b,x,x,b,o,4,tem_jogo,gerado_arvore_jogo
308,b,x,x,o,o,o,x,b,b,6,o_venceu,uci_original
309,b,x,o,b,x,o,b,x,b,5,x_venceu,uci_original
310,o,x,x,x,o,b,b,b,o,6,o_venceu,uci_original
311,x,x,x,b,b,b,o,o,b,5,x_venceu,uci_original
312,o,x,o,o,x,o,x,x,x,9,x_venceu,uci_original
313,o,o,o,x,b,x,b,b,x,6,o_venceu,uci_original
314,o,x,o,x,o,o,b,x,x,8,tem_jogo,gerado_arvore_jogo
315,x,o,o,x,x,x,x,o,o,9,x_venceu,uci_original
316,o,x,x,x,b,o,b,b,o,6,tem_jogo,gerado_arvore_jogo
317,x,o,o,b,x,o,x,x,o,8,o_venceu,uci_original
318,o,o,x,x,o,x,o,x,x,9,x_venceu,uci_original
319,o,x,b,b,o,x,x,o,b,6,tem_jogo,gerado_arvore_jogo
320,x,x,b,o,x,x,o,o,o,8,o_venceu,uci_original
321,x,o,x,o,x,o,b,x,o,8,tem_jogo,gerado_arvore_jogo
322,b,b,x,o,o,x,x,o,b,6,tem_jogo,gerado_arvore_jogo
323,b,x,b,b,x,o,b,x,o,5,x_venceu,uci_original
324,o,o,o,b,x,x,x,o,x,8,o_venceu,uci_original
325,o,x,x,o,x,o,x,x,o,9,x_venceu,uci_original
326,o,b,x,o,x,o,b,b,x,6,tem_jogo,gerado_arvore_jogo
327,x,x,x,o,x,o,o,o,x,9,x_venceu,uci_original
328,x,x,o,b,o,o,o,x,x,8,o_venceu,uci_original
329,o,x,o,x,x,o,o,x,x,9,x_venceu,uci_original
330,x,x,o,o,x,x,o,o,x,9,x_venceu,uci_original
331,x,o,x,o,o,o,x,b,x,8,o_venceu,uci_original
332,x,x,b,x,o,x,o,o,o,8,o_venceu,uci_original
333,o,b,x,b,o,x,x,b,o,6,o_venceu,uci_original
334,x,o,x,o,o,o,x,x,b,8,o_venceu,uci_original
335,o,o,x,x,x,x,o,b,b,7,x_venceu,uci_original
336,b,b,b,b,b,x,b,b,o,2,tem_jogo,gerado_arvore_jogo
337,b,b,x,x,x,o,x,o,o,7,x_venceu,uci_original
338,o,b,b,x,b,b,b,o,x,4,tem_jogo,gerado_arvore_jogo
339,o,x,x,x,o,b,o,o,x,8,tem_jogo,gerado_arvore_jogo
340,x,b,x,o,b,x,o,o,x,7,x_venceu,uci_original
341,x,b,o,b,b,b,b,b,b,2,tem_jogo,gerado_arvore_jogo
342,b,b,b,b,x,x,b,o,b,3,tem_jogo,gerado_arvore_jogo
343,b,o,b,o,x,x,b,x,o,6,tem_jogo,gerado_arvore_jogo
344,o,x,b,x,o,b,b,x,o,6,o_venceu,uci_original
345,x,b,x,x,o,x,o,o,o,8,o_venceu,uci_original
346,b,x,o,x,x,o,x,o,o,8,o_venceu,uci_original
347,o,o,o,x,x,b,x,o,x,8,o_venceu,uci_original
348,b,b,o,b,b,x,x,b,b,3,tem_jogo,gerado_arvore_jogo
349,o,b,x,b,x,b,x,b,o,5,x_venceu,uci_original
350,b,b,b,b,b,b,b,b,b,0,tem_jogo,gerado_arvore_jogo
351,o,b,o,x,x,x,b,b,b,5,x_venceu,uci_original
352,x,x,o,x,x,o,o,o,x,9,x_venceu,uci_original
353,b,x,x,b,b,x,o,o,o,6,o_venceu,uci_original
354,o,o,x,x,o,x,b,x,o,8,o_venceu,uci_original
355,b,b,b,o,b,x,b,b,b,2,tem_jogo,gerado_arvore_jogo
356,b,b,x,o,b,x,b,o,x,5,x_venceu,uci_original
357,x,x,x,b,x,o,o,b,o,7,x_venceu,uci_original
358,o,o,x,o,x,b,o,x,x,8,o_venceu,uci_original
359,b,b,b,b,b,o,b,b,x,2,tem_jogo,gerado_arvore_jogo
360,o,b,x,b,o,b,x,b,b,4,tem_jogo,gerado_arvore_jogo
361,x,x,b,o,o,o,x,b,b,6,o_venceu,uci_original
362,o,b,b,x,o,b,o,x,x,6,tem_jogo,gerado_arvore_jogo
363,o,x,b,o,b,x,o,b,x,6,o_venceu,uci_original
364,x,o,o,o,x,x,x,o,x,9,x_venceu,uci_original
365,o,o,o,x,b,x,x,b,b,6,o_venceu,uci_original
366,o,o,b,b,x,x,x,o,b,6,tem_jogo,gerado_arvore_jogo
367,x,o,x,x,b,x,o,o,o,8,o_venceu,uci_original
368,o,x,x,x,o,b,b,o,x,7,tem_jogo,gerado_arvore_jogo
369,x,x,x,b,b,o,o,b,b,5,x_venceu,uci_original
370,x,b,b,b,o,b,b,x,o,4,tem_jogo,gerado_arvore_jogo
371,o,x,o,x,o,x,x,b,o,8,o_venceu,uci_original
372,x,x,o,o,x,x,o,x,o,9,x_venceu,uci_original
373,x,b,b,b,o,x,o,x,b,5,tem_jogo,gerado_arvore_jogo
374,o,x,x,o,x,o,o,b,x,8,o_venceu,uci_original
375,x,o,o,x,x,o,o,x,x,9,x_venceu,uci_original
376,b,o,o,x,x,b,b,b,x,5,tem_jogo,gerado_arvore_jogo
377,b,x,o,x,b,o,x,o,x,7,tem_jogo,gerado_arvore_jogo
378,o,x,x,o,x,x,x,o,o,9,x_venceu,uci_original
379,o,b,x,x,b,b,b,b,o,4,tem_jogo,gerado_arvore_jogo
380,o,o,o,x,b,x,o,x,x,8,o_venceu,uci_original
381,o,x,b,o,o,x,x,x,o,8,o_venceu,uci_original
382,b,b,b,b,b,b,o,x,b,2,tem_jogo,gerado_arvore_jogo
383,o,x,o,b,x,b,o,x,x,7,x_venceu,uci_original
384,o,x,x,b,o,b,o,x,b,6,tem_jogo,gerado_arvore_jogo
385,x,x,x,o,b,o,o,x,b,7,x_venceu,uci_original
386,x,o,x,o,x,o,o,x,x,9,x_venceu,uci_original
387,x,x,b,o,o,o,b,x,b,6,o_venceu,uci_original
388,o,x,x,o,x,x,o,o,b,8,o_venceu,uci_original
389,b,o,b,x,x,x,o,o,x,7,x_venceu,uci_original
390,x,x,o,x,b,o,o,x,o,8,o_venceu,uci_original
391,x,b,o,x,o,o,o,x,x,8,o_venceu,uci_original
392,x,x,o,b,b,o,b,x,o,6,o_venceu,uci_original
393,x,x,o,b,b,o,x,b,o,6,o_venceu,uci_original
394,b,x,o,o,b,x,x,o,b,6,tem_jogo,gerado_arvore_jogo
395,x,o,b,x,b,x,x,o,o,7,x_venceu,uci_original
396,x,o,o,o,o,x,x,x,x,9,x_venceu,uci_original
397,x,b,o,x,o,x,o,b,b,6,o_venceu,uci_original
398,o,x,b,x,o,o,x,x,o,8,o_venceu,uci_original
399,b,x,x,x,b,b,o,o,o,6,o_venceu,uci_original
400,b,b,b,x,o,x,b,b,o,4,tem_jogo,gerado_arvore_jogo
401,x,b,b,b,b,b,o,b,x,3,tem_jogo,gerado_arvore_jogo
402,o,x,x,x,b,o,o,o,x,8,tem_jogo,gerado_arvore_jogo
403,o,x,o,o,x,x,x,o,x,9,empate,uci_original
404,o,x,x,x,b,o,o,b,x,7,tem_jogo,gerado_arvore_jogo
405,o,x,b,o,x,o,x,o,x,8,tem_jogo,gerado_arvore_jogo
406,x,x,b,x,o,b,x,o,o,7,x_venceu,uci_original
407,b,b,b,b,b,x,b,b,b,1,tem_jogo,gerado_arvore_jogo
408,b,x,o,x,b,b,b,b,o,4,tem_jogo,gerado_arvore_jogo
409,b,o,b,x,b,b,b,b,x,3,tem_jogo,gerado_arvore_jogo
410,o,b,x,x,o,x,b,b,o,6,o_venceu,uci_original
411,o,x,x,o,o,o,x,b,x,8,o_venceu,uci_original
412,o,b,x,o,b,x,b,b,x,5,x_venceu,uci_original
413,o,b,x,x,o,b,x,b,o,6,o_venceu,uci_original
414,x,b,o,x,x,b,x,o,o,7,x_venceu,uci_original
415,o,o,b,x,x,o,x,b,x,7,tem_jogo,gerado_arvore_jogo
416,o,b,b,x,x,o,o,x,b,6,tem_jogo,gerado_arvore_jogo
417,o,b,o,x,x,o,x,o,x,8,tem_jogo,gerado_arvore_jogo
418,o,o,b,x,o,x,b,x,x,7,tem_jogo,gerado_arvore_jogo
419,b,x,b,o,b,b,b,b,b,2,tem_jogo,gerado_arvore_jogo
420,x,x,x,b,o,x,o,o,b,7,x_venceu,uci_original
421,o,x,x,b,o,b,o,x,x,7,tem_jogo,gerado_arvore_jogo
422,x,o,x,x,o,x,b,o,o,8,o_venceu,uci_original
423,x,o,o,x,b,o,o,x,x,8,tem_jogo,gerado_arvore_jogo
424,o,b,b,o,x,x,o,x,b,6,o_venceu,uci_original
425,x,b,b,o,o,o,x,b,x,6,o_venceu,uci_original
426,b,b,x,o,b,x,o,x,b,5,tem_jogo,gerado_arvore_jogo
427,x,x,b,o,b,b,o,b,b,4,tem_jogo,gerado_arvore_jogo
428,b,o,b,x,x,x,x,o,o,7,x_venceu,uci_original
429,x,x,x,o,o,x,o,x,o,9,x_venceu,uci_original
430,b,b,o,b,b,b,x,x,o,4,tem_jogo,gerado_arvore_jogo
431,b,x,x,o,x,b,b,o,o,6,tem_jogo,gerado_arvore_jogo
432,o,x,b,o,b,x,x,b,b,5,tem_jogo,gerado_arvore_jogo
433,o,x,x,o,o,b,o,x,x,8,o_venceu,uci_original
434,b,x,o,o,o,x,o,x,x,8,o_venceu,uci_original
435,o,o,x,x,x,o,x,o,x,9,x_venceu,uci_original
436,o,o,x,o,x,o,x,x,x,9,x_venceu,uci_original
437,o,x,x,b,o,x,b,b,o,6,o_venceu,uci_original
438,o,x,o,x,o,x,b,x,o,8,o_venceu,uci_original
439,b,x,b,b,o,b,o,x,b,4,tem_jogo,gerado_arvore_jogo
440,o,o,x,o,x,x,x,o,x,9,x_venceu,uci_original
441,x,b,o,x,o,x,o,o,x,8,o_venceu,uci_original
442,o,b,x,o,o,x,b,x,x,7,x_venceu,uci_original
443,b,b,b,x,o,b,b,b,b,2,tem_jogo,gerado_arvore_jogo
444,o,x,o,o,x,x,x,x,o,9,x_venceu,uci_original
445,x,o,o,o,b,x,x,x,o,8,tem_jogo,gerado_arvore_jogo
446,b,b,x,x,x,b,o,o,o,6,o_venceu,uci_original
447,b,x,o,b,o,b,o,x,x,6,o_venceu,uci_original
448,o,o,x,b,o,x,b,x,x,7,x_venceu,uci_original
449,x,x,b,x,o,o,x,o,b,7,x_venceu,uci_original
450,o,x,x,o,b,o,x,o,x,8,tem_jogo,gerado_arvore_jogo
451,o,b,b,x,o,x,b,x,b,5,tem_jogo,gerado_arvore_jogo
452,x,x,o,o,b,o,x,x,o,8,o_venceu,uci_original
453,o,o,b,x,o,x,x,o,x,8,o_venceu,uci_original
454,o,x,b,b,o,x,b,x,o,6,o_venceu,uci_original
455,o,x,o,x,x,o,b,o,x,8,tem_jogo,gerado_arvore_jogo
456,x,b,o,b,x,b,x,o,b,5,tem_jogo,gerado_arvore_jogo
457,o,o,o,x,x,o,x,x,b,8,o_venceu,uci_original
458,b,x,o,o,x,x,o,x,b,7,x_venceu,uci_original
459,x,o,x,o,x,x,o,x,o,9,empate,uci_original
460,x,o,b,b,b,x,b,o,b,4,tem_jogo,gerado_arvore_jogo
461,x,o,x,b,o,b,x,o,b,6,o_venceu,uci_original
462,o,x,x,o,b,o,x,b,x,7,tem_jogo,gerado_arvore_jogo
463,b,o,b,b,o,b,x,x,x,5,x_venceu,uci_original
464,b,o,o,x,x,x,o,x,b,7,x_venceu,uci_original
465,b,b,b,o,o,x,o,x,x,6,tem_jogo,gerado_arvore_jogo
466,b,b,x,b,x,o,b,b,o,4,tem_jogo,gerado_arvore_jogo
467,x,o,b,x,x,o,x,o,b,7,x_venceu,uci_original
468,x,b,b,x,b,b,b,o,b,3,tem_jogo,gerado_arvore_jogo
469,x,b,o,x,o,b,x,b,b,5,x_venceu,uci_original
470,x,x,x,b,o,o,b,b,b,5,x_venceu,uci_original
471,x,x,x,o,x,o,x,o,o,9,x_venceu,uci_original
472,x,b,b,x,o,b,x,b,o,5,x_venceu,uci_original
473,x,o,b,b,o,x,x,o,b,6,o_venceu,uci_original
474,b,o,x,o,x,x,x,b,o,7,x_venceu,uci_original
475,b,x,x,o,o,o,b,b,x,6,o_venceu,uci_original
476,o,x,o,o,o,x,x,x,x,9,x_venceu,uci_original
477,o,o,b,x,o,x,x,x,o,8,o_venceu,uci_original
478,o,o,x,x,x,x,o,o,x,9,x_venceu,uci_original
479,b,o,x,o,x,b,x,b,b,5,x_venceu,uci_original
480,b,o,b,b,b,o,x,x,x,5,x_venceu,uci_original
481,o,b,b,b,b,o,x,x,x,5,x_venceu,uci_original
482,o,o,x,x,x,x,x,o,o,9,x_venceu,uci_original
483,x,o,o,o,x,x,o,x,x,9,x_venceu,uci_original
484,x,b,b,x,x,b,o,o,o,6,o_venceu,uci_original
485,x,x,o,b,o,x,x,b,o,7,tem_jogo,gerado_arvore_jogo
486,o,x,b,o,b,x,x,o,b,6,tem_jogo,gerado_arvore_jogo
487,o,x,o,x,o,x,x,o,b,8,tem_jogo,gerado_arvore_jogo
488,x,x,o,b,o,x,o,b,b,6,o_venceu,uci_original
489,o,x,x,o,x,x,b,o,b,7,tem_jogo,gerado_arvore_jogo
490,x,x,x,x,b,o,o,o,b,7,x_venceu,uci_original
491,b,o,x,b,b,x,o,b,x,5,x_venceu,uci_original
492,x,x,b,b,x,b,o,o,o,6,o_venceu,uci_original
493,x,o,o,b,x,o,b,x,b,6,tem_jogo,gerado_arvore_jogo
494,o,o,o,o,x,x,x,x,b,8,o_venceu,uci_original
495,b,o,x,o,b,o,x,b,x,6,tem_jogo,gerado_arvore_jogo
496,o,x,o,x,o,o,x,x,x,9,x_venceu,uci_original
497,b,b,b,o,x,b,x,o,b,4,tem_jogo,gerado_arvore_jogo
498,o,x,o,b,b,x,x,o,x,7,tem_jogo,gerado_arvore_jogo
499,b,o,b,o,b,b,x,x,x,5,x_venceu,uci_original
500,b,o,o,x,x,b,x,o,x,7,tem_jogo,gerado_arvore_jogo
501,b,o,x,o,b,x,x,b,o,6,tem_jogo,gerado_arvore_jogo
502,x,b,o,x,o,b,o,b,x,6,o_venceu,uci_original
503,x,o,o,x,x,o,b,x,o,8,o_venceu,uci_original
504,o,x,b,o,b,x,o,x,b,6,o_venceu,uci_original
505,b,x,x,o,o,o,x,o,x,8,o_venceu,uci_original
506,x,x,o,b,x,o,x,o,o,8,o_venceu,uci_original
507,o,o,o,b,x,b,b,x,x,6,o_venceu,uci_original
508,x,x,o,x,b,b,o,b,o,6,tem_jogo,gerado_arvore_jogo
509,o,b,b,x,o,b,x,x,o,6,o_venceu,uci_original
510,o,b,x,b,x,o,x,b,b,5,x_venceu,uci_original
511,o,o,o,x,x,b,b,x,b,6,o_venceu,uci_original
512,b,x,o,o,o,x,x,x,o,8,tem_jogo,gerado_arvore_jogo
513,x,o,x,b,o,b,x,x,o,7,tem_jogo,gerado_arvore_jogo
514,o,o,x,o,b,b,x,x,x,7,x_venceu,uci_original
515,b,b,x,b,b,b,b,b,b,1,tem_jogo,gerado_arvore_jogo
516,x,b,x,o,o,b,x,b,b,5,tem_jogo,gerado_arvore_jogo
517,b,x,b,o,x,b,o,x,b,5,x_venceu,uci_original
518,b,b,o,x,x,x,o,b,b,5,x_venceu,uci_original
519,o,x,b,b,o,b,x,x,o,6,o_venceu,uci_original
520,x,x,o,b,x,o,o,x,b,7,x_venceu,uci_original
521,o,b,b,x,x,x,o,b,b,5,x_venceu,uci_original
522,x,b,o,b,o,x,x,x,o,7,tem_jogo,gerado_arvore_jogo
523,b,b,o,x,o,x,o,b,x,6,o_venceu,uci_original
524,x,x,o,x,b,b,b,o,b,5,tem_jogo,gerado_arvore_jogo
525,x,o,x,x,o,b,o,o,x,8,o_venceu,uci_original
526,o,b,b,o,x,x,o,b,x,6,o_venceu,uci_original
527,b,x,b,b,b,b,b,b,o,2,tem_jogo,gerado_arvore_jogo
528,x,o,x,o,o,x,x,o,b,8,o_venceu,uci_original
529,x,x,o,b,o,b,b,b,x,5,tem_jogo,gerado_arvore_jogo
530,x,o,x,o,x,x,x,o,o,9,x_venceu,uci_original
531,b,o,x,b,b,x,b,o,x,5,x_venceu,uci_original
532,b,o,b,b,x,b,x,o,b,4,tem_jogo,gerado_arvore_jogo
533,b,x,b,o,x,o,o,x,x,7,x_venceu,uci_original
534,o,b,o,x,x,o,o,x,x,8,tem_jogo,gerado_arvore_jogo
535,o,b,o,b,x,b,x,o,x,6,tem_jogo,gerado_arvore_jogo
536,x,b,o,x,b,b,x,o,b,5,x_venceu,uci_original
537,x,b,b,o,x,b,o,b,x,5,x_venceu,uci_original
538,x,o,x,o,x,o,x,o,x,9,x_venceu,uci_original
539,x,x,x,b,b,o,b,o,b,5,x_venceu,uci_original
540,o,b,b,b,x,x,o,x,b,5,tem_jogo,gerado_arvore_jogo
541,x,o,x,b,o,x,x,o,o,8,o_venceu,uci_original
542,x,x,x,o,o,x,x,o,o,9,x_venceu,uci_original
543,b,x,o,x,o,x,o,b,b,6,o_venceu,uci_original
544,b,x,b,o,x,b,b,x,o,5,x_venceu,uci_original
545,x,b,x,o,o,o,o,x,x,8,o_venceu,uci_original
546,b,x,o,x,b,o,x,b,o,6,o_venceu,uci_original
547,b,b,x,o,o,o,x,x,b,6,o_venceu,uci_original
548,o,o,b,x,b,x,b,b,b,4,tem_jogo,gerado_arvore_jogo
549,b,o,o,b,b,x,x,b,b,4,tem_jogo,gerado_arvore_jogo
550,o,x,o,x,o,x,x,o,x,9,empate,uci_original
551,o,x,x,o,b,b,o,x,b,6,o_venceu,uci_original
552,x,x,o,x,o,b,o,b,b,6,o_venceu,uci_original
553,x,o,o,o,x,o,x,x,x,9,x_venceu,uci_original
554,b,x,b,b,b,b,b,b,b,1,tem_jogo,gerado_arvore_jogo
555,o,b,x,o,b,b,x,x,b,5,tem_jogo,gerado_arvore_jogo
556,o,x,o,b,o,b,x,x,x,7,x_venceu,uci_original
557,x,x,o,o,x,o,x,b,o,8,o_venceu,uci_original
558,x,o,b,b,x,b,o,b,x,5,x_venceu,uci_original
559,o,x,o,x,o,b,x,o,x,8,tem_jogo,gerado_arvore_jogo
560,b,x,x,b,x,o,x,o,o,7,x_venceu,uci_original
561,b,x,o,b,o,x,o,b,x,6,o_venceu,uci_original
562,o,o,b,b,b,b,x,x,x,5,x_venceu,uci_original
563,o,o,b,o,x,x,b,x,b,6,tem_jogo,gerado_arvore_jogo
564,b,x,b,b,b,o,b,x,b,3,tem_jogo,gerado_arvore_jogo
565,b,b,b,x,b,b,o,o,x,4,tem_jogo,gerado_arvore_jogo
566,o,o,o,o,x,x,x,b,x,8,o_venceu,uci_original
567,x,b,x,o,x,o,b,o,x,7,x_venceu,uci_original
568,x,x,o,x,x,b,o,o,o,8,o_venceu,uci_original
569,x,o,x,x,b,b,o,o,x,7,tem_jogo,gerado_arvore_jogo
570,o,o,o,x,b,x,x,o,x,8,o_venceu,uci_original
571,x,b,x,o,o,o,x,b,b,6,o_venceu,uci_original
572,o,b,x,o,x,b,x,b,b,5,x_venceu,uci_original
573,o,x,x,o,o,x,b,x,o,8,o_venceu,uci_original
574,x,b,o,x,x,o,o,x,o,8,o_venceu,uci_original
575,x,o,b,b,o,b,x,o,x,6,o_venceu,uci_original
576,o,x,o,x,x,x,o,x,o,9,x_venceu,uci_original
577,o,x,x,x,o,o,x,o,x,9,empate,uci_original
578,b,x,o,b,o,b,x,x,b,5,tem_jogo,gerado_arvore_jogo
579,x,x,o,o,o,x,x,x,o,9,empate,uci_original
580,b,b,x,x,o,x,b,o,b,5,tem_jogo,gerado_arvore_jogo
581,o,o,o,x,b,b,x,b,x,6,o_venceu,uci_original
582,x,b,x,x,o,x,o,b,o,7,tem_jogo,gerado_arvore_jogo
583,o,x,o,x,o,b,x,x,b,7,tem_jogo,gerado_arvore_jogo
584,x,x,o,x,o,x,x,o,o,9,x_venceu,uci_original
585,b,o,b,x,b,x,b,x,o,5,tem_jogo,gerado_arvore_jogo
586,o,o,b,b,x,b,o,x,x,6,tem_jogo,gerado_arvore_jogo
587,x,o,b,x,b,b,x,b,o,5,x_venceu,uci_original
588,x,o,x,b,x,b,b,o,b,5,tem_jogo,gerado_arvore_jogo
589,o,o,x,b,x,x,o,x,b,7,tem_jogo,gerado_arvore_jogo
590,b,b,x,o,o,o,b,x,x,6,o_venceu,uci_original
591,x,b,b,b,x,o,b,o,x,5,x_venceu,uci_original
592,x,b,o,o,o,x,o,x,x,8,o_venceu,uci_original
593,o,b,b,b,b,o,b,x,x,4,tem_jogo,gerado_arvore_jogo
594,x,o,x,o,x,x,o,o,x,9,x_venceu,uci_original
595,x,b,o,b,b,o,x,x,o,6,o_venceu,uci_original
596,o,x,x,x,x,o,o,x,o,9,x_venceu,uci_original
597,o,x,b,o,o,x,o,x,x,8,o_venceu,uci_original
598,x,b,b,b,b,b,b,o,b,2,tem_jogo,gerado_arvore_jogo
599,x,b,b,b,o,o,x,b,x,5,tem_jogo,gerado_arvore_jogo
600,x,x,b,o,o,o,o,x,x,8,o_venceu,uci_original
601,o,b,o,x,o,x,x,x,o,8,o_venceu,uci_original
602,o,b,x,o,x,x,b,o,x,7,x_venceu,uci_original
603,o,o,b,x,o,b,x,x,x,7,x_venceu,uci_original
604,o,x,o,o,x,x,o,b,x,8,o_venceu,uci_original
605,x,o,x,o,x,o,b,b,x,7,x_venceu,uci_original
606,b,x,x,b,o,o,b,b,b,4,tem_jogo,gerado_arvore_jogo
607,o,x,x,o,o,x,x,b,o,8,o_venceu,uci_original
608,o,b,x,b,o,b,x,x,o,6,o_venceu,uci_original
609,x,o,b,b,b,o,b,b,x,4,tem_jogo,gerado_arvore_jogo
610,o,x,x,b,x,o,b,x,o,7,x_venceu,uci_original
611,b,o,x,b,x,b,x,o,b,5,x_venceu,uci_original
612,x,o,x,b,x,o,o,b,x,7,x_venceu,uci_original
613,x,x,x,b,x,o,o,o,b,7,x_venceu,uci_original
614,b,b,o,x,x,o,x,b,o,6,o_venceu,uci_original
615,b,b,x,b,b,x,b,b,o,3,tem_jogo,gerado_arvore_jogo
616,o,o,b,o,x,b,x,x,x,7,x_venceu,uci_original
