id,sup_esq,sup_meio,sup_dir,meio_esq,centro,meio_dir,inf_esq,inf_meio,inf_dir,classe
1,1,0,1,0,1,-1,1,-1,-1,x_venceu
2,1,0,-1,0,-1,1,-1,1,0,o_venceu
3,-1,1,1,1,-1,-1,-1,1,0,tem_jogo
4,1,1,1,1,-1,-1,-1,1,-1,x_venceu
5,-1,1,0,1,1,1,-1,0,-1,x_venceu
6,1,1,-1,-1,1,-1,-1,1,1,x_venceu
7,0,0,1,0,-1,1,-1,0,1,x_venceu
8,0,0,0,-1,1,0,1,0,0,tem_jogo
9,-1,-1,1,-1,0,1,1,0,1,x_venceu
10,-1,0,0,1,-1,1,1,0,-1,o_venceu
11,0,1,1,1,-1,-1,1,-1,-1,tem_jogo
12,-1,0,-1,1,-1,1,-1,1,1,o_venceu
13,0,0,0,0,0,0,1,0,0,tem_jogo
14,-1,-1,0,-1,1,1,-1,1,1,o_venceu
15,0,0,1,-1,1,0,1,0,-1,x_venceu
16,-1,1,-1,1,1,1,1,-1,-1,x_venceu
17,-1,-1,1,1,-1,1,-1,1,0,tem_jogo
18,1,-1,0,0,-1,1,0,0,0,tem_jogo
19,0,0,-1,0,0,1,1,-1,1,tem_jogo
20,0,1,-1,-1,-1,0,1,1,1,x_venceu
21,0,1,-1,1,-1,0,-1,1,0,o_venceu
22,1,1,-1,1,-1,0,1,-1,0,x_venceu
23,-1,1,1,0,1,1,-1,-1,-1,o_venceu
24,1,-1,1,1,-1,1,-1,1,-1,empate
25,0,1,1,1,0,-1,-1,-1,1,tem_jogo
26,-1,0,1,0,0,-1,-1,1,1,tem_jogo
27,0,0,1,0,-1,1,0,-1,1,x_venceu
28,1,1,-1,1,-1,0,-1,1,-1,o_venceu
29,1,1,-1,0,-1,1,-1,1,-1,o_venceu
30,1,1,-1,-1,1,-1,1,-1,1,x_venceu
31,-1,-1,0,1,1,1,0,0,0,x_venceu
32,1,-1,-1,1,-1,0,-1,1,1,o_venceu
33,-1,0,1,1,-1,0,0,1,-1,o_venceu
34,1,1,0,-1,-1,0,1,0,0,tem_jogo
35,0,1,1,0,1,0,-1,-1,-1,o_venceu
36,0,0,0,0,0,0,0,0,1,tem_jogo
37,1,1,-1,1,1,-1,-1,0,-1,o_venceu
38,1,-1,-1,1,-1,1,-1,0,1,o_venceu
39,0,-1,1,1,1,-1,1,0,-1,x_venceu
40,-1,0,0,-1,1,0,-1,1,1,o_venceu
41,-1,1,1,0,-1,0,1,0,-1,o_venceu
42,0,1,-1,1,-1,-1,-1,1,1,o_venceu
43,-1,-1,1,-1,1,1,1,1,-1,x_venceu
44,0,-1,0,1,-1,1,1,-1,0,o_venceu
45,1,0,-1,-1,1,-1,1,1,-1,o_venceu
46,-1,1,1,1,-1,0,1,-1,-1,o_venceu
47,-1,1,1,1,-1,-1,0,0,1,tem_jogo
48,0,-1,1,1,-1,1,0,-1,0,o_venceu
49,1,0,0,0,1,-1,-1,0,1,x_venceu
50,0,0,0,0,1,0,0,0,0,tem_jogo
51,-1,0,1,1,1,1,-1,-1,0,x_venceu
52,1,-1,-1,1,-1,0,1,0,1,x_venceu
53,-1,1,1,-1,-1,1,1,-1,1,x_venceu
54,1,-1,0,1,1,0,-1,1,-1,tem_jogo
55,1,1,1,0,0,-1,0,0,-1,x_venceu
56,-1,0,-1,-1,1,1,1,-1,1,tem_jogo
57,1,-1,1,0,1,-1,0,-1,1,x_venceu
58,-1,1,-1,1,1,-1,1,-1,1,empate
59,1,-1,0,0,1,-1,1,-1,0,tem_jogo
60,-1,0,1,1,1,-1,-1,-1,1,tem_jogo
61,0,-1,0,0,1,1,0,-1,0,tem_jogo
62,1,1,-1,1,-1,-1,1,-1,1,x_venceu
63,-1,1,0,0,1,-1,0,1,0,x_venceu
64,0,1,1,-1,-1,-1,1,1,-1,o_venceu
65,0,0,1,0,1,0,-1,0,0,tem_jogo
66,0,-1,0,1,-1,0,1,-1,1,o_venceu
67,-1,1,1,1,-1,-1,-1,1,1,empate
68,0,0,-1,-1,0,0,1,1,1,x_venceu
69,1,1,0,0,1,-1,-1,-1,1,x_venceu
70,1,0,1,0,0,-1,1,0,-1,tem_jogo
71,-1,-1,-1,0,1,1,0,0,1,o_venceu
72,-1,-1,1,1,0,1,1,-1,-1,tem_jogo
73,1,0,0,0,0,-1,1,-1,0,tem_jogo
74,0,-1,1,0,1,1,1,-1,-1,x_venceu
75,1,1,-1,1,0,0,-1,0,0,tem_jogo
76,1,-1,1,1,1,-1,-1,-1,1,x_venceu
77,0,-1,1,-1,0,1,0,0,1,x_venceu
78,0,0,-1,1,-1,1,-1,1,0,o_venceu
79,1,0,0,0,-1,0,1,0,0,tem_jogo
80,0,0,0,0,0,1,0,-1,1,tem_jogo
81,1,1,-1,-1,0,-1,1,-1,1,tem_jogo
82,0,1,-1,0,1,1,-1,1,-1,x_venceu
83,0,-1,1,-1,1,1,1,-1,0,x_venceu
84,-1,0,0,0,0,1,0,0,0,tem_jogo
85,1,1,1,-1,0,0,-1,0,0,x_venceu
86,-1,1,1,1,-1,-1,0,1,-1,o_venceu
87,-1,-1,1,1,-1,0,1,-1,1,o_venceu
88,1,-1,1,1,-1,1,-1,-1,0,o_venceu
89,-1,1,-1,1,1,1,-1,-1,1,x_venceu
90,1,-1,1,0,-1,0,0,-1,1,o_venceu
91,1,-1,1,-1,-1,1,-1,1,1,x_venceu
92,-1,0,-1,1,-1,1,1,-1,1,tem_jogo
93,0,0,1,0,1,1,-1,-1,-1,o_venceu
94,-1,0,1,-1,1,1,1,0,-1,x_venceu
95,-1,-1,1,1,-1,0,1,1,-1,o_venceu
96,-1,0,0,1,-1,1,0,1,-1,o_venceu
97,-1,1,0,0,1,0,-1,1,0,x_venceu
98,0,1,0,-1,-1,-1,1,0,1,o_venceu
99,1,-1,0,-1,1,1,0,-1,1,x_venceu
100,-1,0,0,-1,0,1,-1,1,1,o_venceu
101,1,0,1,-1,-1,-1,0,1,0,o_venceu
102,-1,0,1,1,-1,-1,1,-1,1,tem_jogo
103,1,1,1,-1,-1,1,-1,-1,1,x_venceu
104,1,0,1,-1,-1,-1,0,0,1,o_venceu
105,-1,1,1,-1,-1,0,0,0,1,tem_jogo
106,1,1,-1,-1,-1,-1,1,0,1,o_venceu
107,-1,1,1,-1,1,0,-1,0,0,o_venceu
108,-1,1,1,1,-1,1,0,-1,-1,o_venceu
109,0,-1,1,0,1,0,1,0,-1,x_venceu
110,1,0,-1,0,-1,-1,1,1,1,x_venceu
111,0,-1,1,1,-1,0,1,-1,0,o_venceu
112,-1,1,1,1,1,-1,0,0,-1,tem_jogo
113,0,1,0,-1,1,0,0,-1,0,tem_jogo
114,0,0,1,-1,-1,-1,1,0,1,o_venceu
115,-1,0,-1,-1,1,1,-1,1,1,o_venceu
116,1,0,-1,0,-1,0,-1,1,1,o_venceu
117,1,-1,-1,1,-1,-1,0,1,1,tem_jogo
118,0,-1,0,1,0,0,0,0,0,tem_jogo
119,1,0,-1,0,1,1,-1,-1,1,x_venceu
120,0,1,1,1,-1,1,-1,-1,-1,o_venceu
121,-1,1,1,-1,0,1,-1,1,-1,o_venceu
122,0,1,0,0,1,1,-1,-1,-1,o_venceu
123,-1,-1,1,1,-1,-1,1,1,1,x_venceu
124,0,0,-1,1,1,-1,0,1,-1,o_venceu
125,1,1,-1,0,1,-1,0,0,-1,o_venceu
126,1,-1,-1,-1,1,1,1,1,-1,empate
127,0,1,0,-1,-1,-1,1,1,0,o_venceu
128,1,-1,-1,1,1,-1,1,-1,1,x_venceu
129,-1,0,-1,0,0,0,1,0,1,tem_jogo
130,-1,0,0,1,1,1,0,0,-1,x_venceu
131,1,0,0,-1,1,-1,1,-1,1,x_venceu
132,1,1,-1,1,1,-1,0,-1,-1,o_venceu
133,-1,1,-1,0,1,0,0,1,0,x_venceu
134,-1,0,1,0,1,0,1,-1,0,x_venceu
135,1,-1,1,0,1,1,-1,-1,-1,o_venceu
136,1,1,1,-1,1,-1,-1,1,-1,x_venceu
137,-1,0,0,-1,1,1,1,-1,1,tem_jogo
138,0,-1,1,-1,1,0,1,1,-1,x_venceu
139,1,-1,0,1,-1,1,0,-1,0,o_venceu
140,-1,1,1,-1,-1,-1,0,1,1,o_venceu
141,-1,0,1,1,1,-1,1,-1,0,x_venceu
142,0,-1,0,1,1,1,0,-1,0,x_venceu
143,1,-1,0,-1,-1,1,0,1,0,tem_jogo
144,0,0,-1,0,1,-1,1,1,-1,o_venceu
145,0,1,1,-1,-1,-1,-1,1,1,o_venceu
146,-1,0,1,-1,1,0,-1,0,1,o_venceu
147,-1,0,1,1,-1,0,0,1,0,tem_jogo
148,0,1,0,1,-1,-1,-1,1,1,tem_jogo
149,1,-1,0,1,1,-1,1,0,-1,x_venceu
150,-1,1,0,1,-1,0,1,0,-1,o_venceu
151,0,1,-1,-1,1,1,0,0,-1,tem_jogo
152,-1,-1,1,-1,1,0,0,1,1,tem_jogo
153,1,-1,-1,0,1,0,0,0,1,x_venceu
154,1,-1,1,-1,-1,0,1,1,-1,tem_jogo
155,1,1,-1,0,0,-1,0,0,1,tem_jogo
156,-1,1,-1,1,0,-1,1,-1,1,tem_jogo
157,1,1,-1,-1,-1,1,1,-1,1,empate
158,-1,1,1,1,0,1,-1,-1,-1,o_venceu
159,1,0,0,-1,1,-1,-1,1,1,x_venceu
160,1,1,1,1,-1,-1,1,-1,-1,x_venceu
161,0,1,-1,1,-1,0,-1,0,1,o_venceu
162,1,0,-1,1,-1,0,-1,1,0,o_venceu
163,0,-1,1,1,0,-1,0,1,0,tem_jogo
164,0,-1,0,-1,1,1,0,0,1,tem_jogo
165,1,1,-1,0,-1,1,-1,-1,1,o_venceu
166,1,1,-1,0,-1,0,-1,0,1,o_venceu
167,1,-1,1,-1,1,-1,1,1,-1,x_venceu
168,1,-1,-1,0,1,-1,0,1,1,x_venceu
169,1,1,1,-1,0,-1,0,-1,1,x_venceu
170,1,-1,-1,-1,1,1,1,-1,0,tem_jogo
171,-1,0,1,0,-1,1,0,0,1,x_venceu
172,1,0,-1,-1,1,0,0,0,1,x_venceu
173,1,-1,-1,0,-1,1,1,-1,1,o_venceu
174,0,1,0,1,1,0,-1,-1,-1,o_venceu
175,-1,-1,1,-1,1,1,1,0,0,x_venceu
176,0,-1,1,0,-1,1,0,1,-1,tem_jogo
177,1,1,0,1,-1,-1,1,0,-1,x_venceu
178,0,0,0,1,0,0,0,0,0,tem_jogo
179,0,0,0,0,1,0,-1,1,0,tem_jogo
180,1,1,1,-1,0,0,0,0,-1,x_venceu
181,1,0,-1,0,1,0,0,-1,1,x_venceu
182,-1,1,1,1,1,-1,-1,-1,1,empate
183,-1,1,1,1,-1,1,-1,-1,1,x_venceu
184,1,0,1,1,1,-1,-1,-1,-1,o_venceu
185,1,-1,1,1,1,-1,-1,1,-1,empate
186,0,0,1,1,0,0,0,0,-1,tem_jogo
187,0,0,0,0,-1,0,0,1,0,tem_jogo
188,0,0,1,-1,1,0,1,-1,0,x_venceu
189,0,0,0,0,1,-1,1,-1,0,tem_jogo
190,1,0,1,1,-1,-1,1,-1,0,x_venceu
191,1,-1,0,-1,1,0,1,-1,1,x_venceu
192,1,-1,-1,1,1,1,-1,1,-1,x_venceu
193,-1,1,1,-1,0,1,1,-1,0,tem_jogo
194,-1,-1,-1,0,1,0,1,1,0,o_venceu
195,1,0,0,0,1,0,-1,-1,1,x_venceu
196,0,1,0,1,0,1,-1,-1,-1,o_venceu
197,1,0,0,1,-1,1,-1,-1,0,tem_jogo
198,-1,1,1,-1,1,-1,1,-1,1,x_venceu
199,-1,0,1,-1,1,1,-1,0,0,o_venceu
200,0,-1,0,0,-1,1,1,-1,1,o_venceu
201,1,1,-1,-1,0,1,-1,1,0,tem_jogo
202,1,1,-1,1,-1,-1,0,1,-1,o_venceu
203,-1,1,0,1,1,-1,-1,0,1,tem_jogo
204,0,-1,-1,1,0,-1,0,1,1,tem_jogo
205,1,-1,1,1,1,0,-1,-1,0,tem_jogo
206,0,0,-1,0,1,0,0,0,0,tem_jogo
207,1,-1,1,1,1,-1,1,-1,-1,x_venceu
208,1,0,-1,1,0,0,1,0,-1,x_venceu
209,0,0,1,1,0,-1,0,0,0,tem_jogo
210,0,0,1,-1,-1,1,0,0,1,x_venceu
211,1,1,1,-1,-1,0,-1,0,1,x_venceu
212,1,0,-1,1,0,-1,0,1,-1,o_venceu
213,0,-1,1,-1,-1,0,1,1,1,x_venceu
214,1,-1,1,0,-1,1,0,-1,0,o_venceu
215,1,-1,1,1,-1,-1,1,1,-1,x_venceu
216,-1,-1,1,1,1,-1,-1,1,1,empate
217,0,1,-1,1,-1,-1,0,1,0,tem_jogo
218,0,0,0,1,0,1,-1,0,-1,tem_jogo
219,1,0,1,-1,-1,-1,1,1,-1,o_venceu
220,1,0,0,0,0,0,0,0,0,tem_jogo
221,1,1,-1,1,-1,-1,-1,1,0,o_venceu
222,1,0,0,0,0,0,-1,0,0,tem_jogo
223,0,-1,1,1,-1,0,0,-1,1,o_venceu
224,-1,1,1,-1,0,0,-1,0,1,o_venceu
225,0,1,0,1,0,1,-1,-1,0,tem_jogo
226,-1,-1,1,1,1,0,1,-1,0,x_venceu
227,0,1,0,-1,-1,-1,0,1,1,o_venceu
228,0,0,0,0,1,-1,0,0,1,tem_jogo
229,1,-1,1,0,-1,1,-1,1,0,tem_jogo
230,0,0,0,0,0,0,1,0,-1,tem_jogo
231,0,1,-1,0,-1,1,-1,1,0,o_venceu
232,-1,1,0,-1,0,0,-1,1,1,o_venceu
233,-1,-1,1,1,1,-1,1,1,-1,x_venceu
234,-1,1,1,0,-1,1,0,-1,1,x_venceu
235,1,1,-1,1,0,0,-1,-1,1,tem_jogo
236,0,1,-1,1,0,-1,1,0,0,tem_jogo
237,-1,-1,1,1,1,1,-1,1,-1,x_venceu
238,0,1,-1,1,-1,1,-1,1,-1,o_venceu
239,1,1,-1,-1,1,1,1,-1,-1,empate
240,0,0,-1,1,0,1,-1,0,0,tem_jogo
241,-1,1,1,0,-1,1,1,-1,-1,o_venceu
242,-1,-1,-1,0,1,0,1,0,1,o_venceu
243,-1,0,0,0,-1,0,1,1,1,x_venceu
244,1,1,0,1,-1,-1,0,0,-1,tem_jogo
245,1,-1,0,-1,-1,1,1,-1,1,o_venceu
246,1,-1,-1,-1,1,1,1,0,-1,tem_jogo
247,1,-1,-1,1,0,0,0,0,1,tem_jogo
248,1,-1,1,-1,-1,1,1,1,-1,empate
249,-1,0,1,0,-1,-1,1,1,1,x_venceu
250,-1,1,1,0,-1,0,0,1,-1,o_venceu
251,-1,1,1,1,1,-1,1,-1,-1,x_venceu
252,1,-1,0,-1,0,1,0,0,0,tem_jogo
253,-1,1,-1,1,-1,1,-1,1,0,o_venceu
254,1,0,0,-1,1,-1,0,0,1,x_venceu
255,-1,1,-1,-1,1,0,1,0,0,tem_jogo
256,0,0,1,0,1,-1,1,0,-1,x_venceu
257,1,-1,-1,1,1,1,-1,-1,1,x_venceu
258,0,1,-1,0,1,0,0,-1,1,tem_jogo
259,0,-1,1,1,1,0,0,-1,0,tem_jogo
260,1,1,1,-1,0,-1,0,0,0,x_venceu
261,-1,0,-1,1,1,-1,1,1,-1,o_venceu
262,-1,0,0,0,1,-1,0,1,0,tem_jogo
263,-1,1,1,-1,1,1,-1,0,-1,o_venceu
264,0,0,1,0,1,-1,0,0,0,tem_jogo
265,-1,-1,-1,0,0,1,1,0,1,o_venceu
266,1,1,-1,-1,-1,-1,0,1,1,o_venceu
267,-1,-1,1,-1,-1,1,1,1,1,x_venceu
268,-1,0,1,0,-1,1,-1,1,1,x_venceu
269,-1,-1,-1,1,1,-1,0,1,1,o_venceu
270,1,1,1,1,-1,0,-1,0,-1,x_venceu
271,1,-1,-1,1,-1,-1,1,1,1,x_venceu
272,1,0,0,1,0,0,1,-1,-1,x_venceu
273,-1,-1,-1,1,-1,1,1,0,1,o_venceu
274,-1,1,0,1,-1,1,0,0,-1,o_venceu
275,1,0,-1,0,1,-1,0,0,1,x_venceu
276,-1,1,0,1,-1,1,-1,1,-1,o_venceu
277,1,0,0,-1,-1,-1,1,1,0,o_venceu
278,1,-1,0,0,0,1,0,-1,1,tem_jogo
279,1,-1,-1,0,1,1,-1,1,-1,tem_jogo
280,1,-1,-1,1,-1,1,1,1,-1,x_venceu
281,1,1,-1,0,-1,-1,1,1,-1,o_venceu
282,1,-1,-1,-1,1,1,0,1,0,tem_jogo
283,1,-1,-1,0,-1,1,-1,1,1,o_venceu
284,1,1,1,-1,0,0,-1,-1,1,x_venceu
285,1,1,1,1,-1,-1,-1,-1,1,x_venceu
286,1,0,-1,1,0,1,0,-1,-1,tem_jogo
287,-1,-1,-1,1,1,0,1,1,-1,o_venceu
288,0,1,0,0,-1,-1,0,0,1,tem_jogo
289,1,-1,1,1,-1,-1,-1,1,1,empate
290,1,0,0,-1,1,0,0,-1,1,x_venceu
291,0,-1,-1,1,1,1,0,0,0,x_venceu
292,-1,1,1,0,-1,-1,1,1,-1,o_venceu
293,0,-1,0,0,0,1,0,0,0,tem_jogo
294,-1,0,1,0,0,1,1,-1,0,tem_jogo
295,0,-1,1,0,1,-1,1,0,0,x_venceu
296,-1,1,0,0,1,0,0,1,-1,x_venceu
297,-1,1,1,-1,1,-1,0,-1,1,tem_jogo
298,1,-1,0,-1,-1,1,1,0,1,tem_jogo
299,1,-1,0,-1,1,0,0,0,1,x_venceu
300,1,1,-1,-1,-1,-1,1,1,0,o_venceu
301,0,0,0,1,1,0,-1,-1,0,tem_jogo
302,0,0,0,0,0,0,0,1,0,tem_jogo
303,-1,1,0,0,0,0,-1,1,1,tem_jogo
304,-1,-1,1,1,-1,1,1,0,-1,o_venceu
305,-1,1,0,0,-1,1,1,0,-1,o_venceu
306,1,1,1,0,0,0,0,-1,-1,x_venceu
307,0,-1,0,0,0,1,1,0,-1,tem_jogo
308,0,1,1,-1,-1,-1,1,0,0,o_venceu
309,0,1,-1,0,1,-1,0,1,0,x_venceu
310,-1,1,1,1,-1,0,0,0,-1,o_venceu
311,1,1,1,0,0,0,-1,-1,0,x_venceu
312,-1,1,-1,-1,1,-1,1,1,1,x_venceu
313,-1,-1,-1,1,0,1,0,0,1,o_venceu
314,-1,1,-1,1,-1,-1,0,1,1,tem_jogo
315,1,-1,-1,1,1,1,1,-1,-1,x_venceu
316,-1,1,1,1,0,-1,0,0,-1,tem_jogo
317,1,-1,-1,0,1,-1,1,1,-1,o_venceu
318,-1,-1,1,1,-1,1,-1,1,1,x_venceu
319,-1,1,0,0,-1,1,1,-1,0,tem_jogo
320,1,1,0,-1,1,1,-1,-1,-1,o_venceu
321,1,-1,1,-1,1,-1,0,1,-1,tem_jogo
322,0,0,1,-1,-1,1,1,-1,0,tem_jogo
323,0,1,0,0,1,-1,0,1,-1,x_venceu
324,-1,-1,-1,0,1,1,1,-1,1,o_venceu
325,-1,1,1,-1,1,-1,1,1,-1,x_venceu
326,-1,0,1,-1,1,-1,0,0,1,tem_jogo
327,1,1,1,-1,1,-1,-1,-1,1,x_venceu
328,1,1,-1,0,-1,-1,-1,1,1,o_venceu
329,-1,1,-1,1,1,-1,-1,1,1,x_venceu
330,1,1,-1,-1,1,1,-1,-1,1,x_venceu
331,1,-1,1,-1,-1,-1,1,0,1,o_venceu
332,1,1,0,1,-1,1,-1,-1,-1,o_venceu
333,-1,0,1,0,-1,1,1,0,-1,o_venceu
334,1,-1,1,-1,-1,-1,1,1,0,o_venceu
335,-1,-1,1,1,1,1,-1,0,0,x_venceu
336,0,0,0,0,0,1,0,0,-1,tem_jogo
337,0,0,1,1,1,-1,1,-1,-1,x_venceu
338,-1,0,0,1,0,0,0,-1,1,tem_jogo
339,-1,1,1,1,-1,0,-1,-1,1,tem_jogo
340,1,0,1,-1,0,1,-1,-1,1,x_venceu
341,1,0,-1,0,0,0,0,0,0,tem_jogo
342,0,0,0,0,1,1,0,-1,0,tem_jogo
343,0,-1,0,-1,1,1,0,1,-1,tem_jogo
344,-1,1,0,1,-1,0,0,1,-1,o_venceu
345,1,0,1,1,-1,1,-1,-1,-1,o_venceu
346,0,1,-1,1,1,-1,1,-1,-1,o_venceu
347,-1,-1,-1,1,1,0,1,-1,1,o_venceu
348,0,0,-1,0,0,1,1,0,0,tem_jogo
349,-1,0,1,0,1,0,1,0,-1,x_venceu
350,0,0,0,0,0,0,0,0,0,tem_jogo
351,-1,0,-1,1,1,1,0,0,0,x_venceu
352,1,1,-1,1,1,-1,-1,-1,1,x_venceu
353,0,1,1,0,0,1,-1,-1,-1,o_venceu
354,-1,-1,1,1,-1,1,0,1,-1,o_venceu
355,0,0,0,-1,0,1,0,0,0,tem_jogo
356,0,0,1,-1,0,1,0,-1,1,x_venceu
357,1,1,1,0,1,-1,-1,0,-1,x_venceu
358,-1,-1,1,-1,1,0,-1,1,1,o_venceu
359,0,0,0,0,0,-1,0,0,1,tem_jogo
360,-1,0,1,0,-1,0,1,0,0,tem_jogo
361,1,1,0,-1,-1,-1,1,0,0,o_venceu
362,-1,0,0,1,-1,0,-1,1,1,tem_jogo
363,-1,1,0,-1,0,1,-1,0,1,o_venceu
364,1,-1,-1,-1,1,1,1,-1,1,x_venceu
365,-1,-1,-1,1,0,1,1,0,0,o_venceu
366,-1,-1,0,0,1,1,1,-1,0,tem_jogo
367,1,-1,1,1,0,1,-1,-1,-1,o_venceu
368,-1,1,1,1,-1,0,0,-1,1,tem_jogo
369,1,1,1,0,0,-1,-1,0,0,x_venceu
370,1,0,0,0,-1,0,0,1,-1,tem_jogo
371,-1,1,-1,1,-1,1,1,0,-1,o_venceu
372,1,1,-1,-1,1,1,-1,1,-1,x_venceu
373,1,0,0,0,-1,1,-1,1,0,tem_jogo
374,-1,1,1,-1,1,-1,-1,0,1,o_venceu
375,1,-1,-1,1,1,-1,-1,1,1,x_venceu
376,0,-1,-1,1,1,0,0,0,1,tem_jogo
377,0,1,-1,1,0,-1,1,-1,1,tem_jogo
378,-1,1,1,-1,1,1,1,-1,-1,x_venceu
379,-1,0,1,1,0,0,0,0,-1,tem_jogo
380,-1,-1,-1,1,0,1,-1,1,1,o_venceu
381,-1,1,0,-1,-1,1,1,1,-1,o_venceu
382,0,0,0,0,0,0,-1,1,0,tem_jogo
383,-1,1,-1,0,1,0,-1,1,1,x_venceu
384,-1,1,1,0,-1,0,-1,1,0,tem_jogo
385,1,1,1,-1,0,-1,-1,1,0,x_venceu
386,1,-1,1,-1,1,-1,-1,1,1,x_venceu
387,1,1,0,-1,-1,-1,0,1,0,o_venceu
388,-1,1,1,-1,1,1,-1,-1,0,o_venceu
389,0,-1,0,1,1,1,-1,-1,1,x_venceu
390,1,1,-1,1,0,-1,-1,1,-1,o_venceu
391,1,0,-1,1,-1,-1,-1,1,1,o_venceu
392,1,1,-1,0,0,-1,0,1,-1,o_venceu
393,1,1,-1,0,0,-1,1,0,-1,o_venceu
394,0,1,-1,-1,0,1,1,-1,0,tem_jogo
395,1,-1,0,1,0,1,1,-1,-1,x_venceu
396,1,-1,-1,-1,-1,1,1,1,1,x_venceu
397,1,0,-1,1,-1,1,-1,0,0,o_venceu
398,-1,1,0,1,-1,-1,1,1,-1,o_venceu
399,0,1,1,1,0,0,-1,-1,-1,o_venceu
400,0,0,0,1,-1,1,0,0,-1,tem_jogo
401,1,0,0,0,0,0,-1,0,1,tem_jogo
402,-1,1,1,1,0,-1,-1,-1,1,tem_jogo
403,-1,1,-1,-1,1,1,1,-1,1,empate
404,-1,1,1,1,0,-1,-1,0,1,tem_jogo
405,-1,1,0,-1,1,-1,1,-1,1,tem_jogo
406,1,1,0,1,-1,0,1,-1,-1,x_venceu
407,0,0,0,0,0,1,0,0,0,tem_jogo
408,0,1,-1,1,0,0,0,0,-1,tem_jogo
409,0,-1,0,1,0,0,0,0,1,tem_jogo
410,-1,0,1,1,-1,1,0,0,-1,o_venceu
411,-1,1,1,-1,-1,-1,1,0,1,o_venceu
412,-1,0,1,-1,0,1,0,0,1,x_venceu
413,-1,0,1,1,-1,0,1,0,-1,o_venceu
414,1,0,-1,1,1,0,1,-1,-1,x_venceu
415,-1,-1,0,1,1,-1,1,0,1,tem_jogo
416,-1,0,0,1,1,-1,-1,1,0,tem_jogo
417,-1,0,-1,1,1,-1,1,-1,1,tem_jogo
418,-1,-1,0,1,-1,1,0,1,1,tem_jogo
419,0,1,0,-1,0,0,0,0,0,tem_jogo
420,1,1,1,0,-1,1,-1,-1,0,x_venceu
421,-1,1,1,0,-1,0,-1,1,1,tem_jogo
422,1,-1,1,1,-1,1,0,-1,-1,o_venceu
423,1,-1,-1,1,0,-1,-1,1,1,tem_jogo
424,-1,0,0,-1,1,1,-1,1,0,o_venceu
425,1,0,0,-1,-1,-1,1,0,1,o_venceu
426,0,0,1,-1,0,1,-1,1,0,tem_jogo
427,1,1,0,-1,0,0,-1,0,0,tem_jogo
428,0,-1,0,1,1,1,1,-1,-1,x_venceu
429,1,1,1,-1,-1,1,-1,1,-1,x_venceu
430,0,0,-1,0,0,0,1,1,-1,tem_jogo
431,0,1,1,-1,1,0,0,-1,-1,tem_jogo
432,-1,1,0,-1,0,1,1,0,0,tem_jogo
433,-1,1,1,-1,-1,0,-1,1,1,o_venceu
434,0,1,-1,-1,-1,1,-1,1,1,o_venceu
435,-1,-1,1,1,1,-1,1,-1,1,x_venceu
436,-1,-1,1,-1,1,-1,1,1,1,x_venceu
437,-1,1,1,0,-1,1,0,0,-1,o_venceu
438,-1,1,-1,1,-1,1,0,1,-1,o_venceu
439,0,1,0,0,-1,0,-1,1,0,tem_jogo
440,-1,-1,1,-1,1,1,1,-1,1,x_venceu
441,1,0,-1,1,-1,1,-1,-1,1,o_venceu
442,-1,0,1,-1,-1,1,0,1,1,x_venceu
443,0,0,0,1,-1,0,0,0,0,tem_jogo
444,-1,1,-1,-1,1,1,1,1,-1,x_venceu
445,1,-1,-1,-1,0,1,1,1,-1,tem_jogo
446,0,0,1,1,1,0,-1,-1,-1,o_venceu
447,0,1,-1,0,-1,0,-1,1,1,o_venceu
448,-1,-1,1,0,-1,1,0,1,1,x_venceu
449,1,1,0,1,-1,-1,1,-1,0,x_venceu
450,-1,1,1,-1,0,-1,1,-1,1,tem_jogo
451,-1,0,0,1,-1,1,0,1,0,tem_jogo
452,1,1,-1,-1,0,-1,1,1,-1,o_venceu
453,-1,-1,0,1,-1,1,1,-1,1,o_venceu
454,-1,1,0,0,-1,1,0,1,-1,o_venceu
455,-1,1,-1,1,1,-1,0,-1,1,tem_jogo
456,1,0,-1,0,1,0,1,-1,0,tem_jogo
457,-1,-1,-1,1,1,-1,1,1,0,o_venceu
458,0,1,-1,-1,1,1,-1,1,0,x_venceu
459,1,-1,1,-1,1,1,-1,1,-1,empate
460,1,-1,0,0,0,1,0,-1,0,tem_jogo
461,1,-1,1,0,-1,0,1,-1,0,o_venceu
462,-1,1,1,-1,0,-1,1,0,1,tem_jogo
463,0,-1,0,0,-1,0,1,1,1,x_venceu
464,0,-1,-1,1,1,1,-1,1,0,x_venceu
465,0,0,0,-1,-1,1,-1,1,1,tem_jogo
466,0,0,1,0,1,-1,0,0,-1,tem_jogo
467,1,-1,0,1,1,-1,1,-1,0,x_venceu
468,1,0,0,1,0,0,0,-1,0,tem_jogo
469,1,0,-1,1,-1,0,1,0,0,x_venceu
470,1,1,1,0,-1,-1,0,0,0,x_venceu
471,1,1,1,-1,1,-1,1,-1,-1,x_venceu
472,1,0,0,1,-1,0,1,0,-1,x_venceu
473,1,-1,0,0,-1,1,1,-1,0,o_venceu
474,0,-1,1,-1,1,1,1,0,-1,x_venceu
475,0,1,1,-1,-1,-1,0,0,1,o_venceu
476,-1,1,-1,-1,-1,1,1,1,1,x_venceu
477,-1,-1,0,1,-1,1,1,1,-1,o_venceu
478,-1,-1,1,1,1,1,-1,-1,1,x_venceu
479,0,-1,1,-1,1,0,1,0,0,x_venceu
480,0,-1,0,0,0,-1,1,1,1,x_venceu
481,-1,0,0,0,0,-1,1,1,1,x_venceu
482,-1,-1,1,1,1,1,1,-1,-1,x_venceu
483,1,-1,-1,-1,1,1,-1,1,1,x_venceu
484,1,0,0,1,1,0,-1,-1,-1,o_venceu
485,1,1,-1,0,-1,1,1,0,-1,tem_jogo
486,-1,1,0,-1,0,1,1,-1,0,tem_jogo
487,-1,1,-1,1,-1,1,1,-1,0,tem_jogo
488,1,1,-1,0,-1,1,-1,0,0,o_venceu
489,-1,1,1,-1,1,1,0,-1,0,tem_jogo
490,1,1,1,1,0,-1,-1,-1,0,x_venceu
491,0,-1,1,0,0,1,-1,0,1,x_venceu
492,1,1,0,0,1,0,-1,-1,-1,o_venceu
493,1,-1,-1,0,1,-1,0,1,0,tem_jogo
494,-1,-1,-1,-1,1,1,1,1,0,o_venceu
495,0,-1,1,-1,0,-1,1,0,1,tem_jogo
496,-1,1,-1,1,-1,-1,1,1,1,x_venceu
497,0,0,0,-1,1,0,1,-1,0,tem_jogo
498,-1,1,-1,0,0,1,1,-1,1,tem_jogo
499,0,-1,0,-1,0,0,1,1,1,x_venceu
500,0,-1,-1,1,1,0,1,-1,1,tem_jogo
501,0,-1,1,-1,0,1,1,0,-1,tem_jogo
502,1,0,-1,1,-1,0,-1,0,1,o_venceu
503,1,-1,-1,1,1,-1,0,1,-1,o_venceu
504,-1,1,0,-1,0,1,-1,1,0,o_venceu
505,0,1,1,-1,-1,-1,1,-1,1,o_venceu
506,1,1,-1,0,1,-1,1,-1,-1,o_venceu
507,-1,-1,-1,0,1,0,0,1,1,o_venceu
508,1,1,-1,1,0,0,-1,0,-1,tem_jogo
509,-1,0,0,1,-1,0,1,1,-1,o_venceu
510,-1,0,1,0,1,-1,1,0,0,x_venceu
511,-1,-1,-1,1,1,0,0,1,0,o_venceu
512,0,1,-1,-1,-1,1,1,1,-1,tem_jogo
513,1,-1,1,0,-1,0,1,1,-1,tem_jogo
514,-1,-1,1,-1,0,0,1,1,1,x_venceu
515,0,0,1,0,0,0,0,0,0,tem_jogo
516,1,0,1,-1,-1,0,1,0,0,tem_jogo
517,0,1,0,-1,1,0,-1,1,0,x_venceu
518,0,0,-1,1,1,1,-1,0,0,x_venceu
519,-1,1,0,0,-1,0,1,1,-1,o_venceu
520,1,1,-1,0,1,-1,-1,1,0,x_venceu
521,-1,0,0,1,1,1,-1,0,0,x_venceu
522,1,0,-1,0,-1,1,1,1,-1,tem_jogo
523,0,0,-1,1,-1,1,-1,0,1,o_venceu
524,1,1,-1,1,0,0,0,-1,0,tem_jogo
525,1,-1,1,1,-1,0,-1,-1,1,o_venceu
526,-1,0,0,-1,1,1,-1,0,1,o_venceu
527,0,1,0,0,0,0,0,0,-1,tem_jogo
528,1,-1,1,-1,-1,1,1,-1,0,o_venceu
529,1,1,-1,0,-1,0,0,0,1,tem_jogo
530,1,-1,1,-1,1,1,1,-1,-1,x_venceu
531,0,-1,1,0,0,1,0,-1,1,x_venceu
532,0,-1,0,0,1,0,1,-1,0,tem_jogo
533,0,1,0,-1,1,-1,-1,1,1,x_venceu
534,-1,0,-1,1,1,-1,-1,1,1,tem_jogo
535,-1,0,-1,0,1,0,1,-1,1,tem_jogo
536,1,0,-1,1,0,0,1,-1,0,x_venceu
537,1,0,0,-1,1,0,-1,0,1,x_venceu
538,1,-1,1,-1,1,-1,1,-1,1,x_venceu
539,1,1,1,0,0,-1,0,-1,0,x_venceu
540,-1,0,0,0,1,1,-1,1,0,tem_jogo
541,1,-1,1,0,-1,1,1,-1,-1,o_venceu
542,1,1,1,-1,-1,1,1,-1,-1,x_venceu
543,0,1,-1,1,-1,1,-1,0,0,o_venceu
544,0,1,0,-1,1,0,0,1,-1,x_venceu
545,1,0,1,-1,-1,-1,-1,1,1,o_venceu
546,0,1,-1,1,0,-1,1,0,-1,o_venceu
547,0,0,1,-1,-1,-1,1,1,0,o_venceu
548,-1,-1,0,1,0,1,0,0,0,tem_jogo
549,0,-1,-1,0,0,1,1,0,0,tem_jogo
550,-1,1,-1,1,-1,1,1,-1,1,empate
551,-1,1,1,-1,0,0,-1,1,0,o_venceu
552,1,1,-1,1,-1,0,-1,0,0,o_venceu
553,1,-1,-1,-1,1,-1,1,1,1,x_venceu
554,0,1,0,0,0,0,0,0,0,tem_jogo
555,-1,0,1,-1,0,0,1,1,0,tem_jogo
556,-1,1,-1,0,-1,0,1,1,1,x_venceu
557,1,1,-1,-1,1,-1,1,0,-1,o_venceu
558,1,-1,0,0,1,0,-1,0,1,x_venceu
559,-1,1,-1,1,-1,0,1,-1,1,tem_jogo
560,0,1,1,0,1,-1,1,-1,-1,x_venceu
561,0,1,-1,0,-1,1,-1,0,1,o_venceu
562,-1,-1,0,0,0,0,1,1,1,x_venceu
563,-1,-1,0,-1,1,1,0,1,0,tem_jogo
564,0,1,0,0,0,-1,0,1,0,tem_jogo
565,0,0,0,1,0,0,-1,-1,1,tem_jogo
566,-1,-1,-1,-1,1,1,1,0,1,o_venceu
567,1,0,1,-1,1,-1,0,-1,1,x_venceu
568,1,1,-1,1,1,0,-1,-1,-1,o_venceu
569,1,-1,1,1,0,0,-1,-1,1,tem_jogo
570,-1,-1,-1,1,0,1,1,-1,1,o_venceu
571,1,0,1,-1,-1,-1,1,0,0,o_venceu
572,-1,0,1,-1,1,0,1,0,0,x_venceu
573,-1,1,1,-1,-1,1,0,1,-1,o_venceu
574,1,0,-1,1,1,-1,-1,1,-1,o_venceu
575,1,-1,0,0,-1,0,1,-1,1,o_venceu
576,-1,1,-1,1,1,1,-1,1,-1,x_venceu
577,-1,1,1,1,-1,-1,1,-1,1,empate
578,0,1,-1,0,-1,0,1,1,0,tem_jogo
579,1,1,-1,-1,-1,1,1,1,-1,empate
580,0,0,1,1,-1,1,0,-1,0,tem_jogo
581,-1,-1,-1,1,0,0,1,0,1,o_venceu
582,1,0,1,1,-1,1,-1,0,-1,tem_jogo
583,-1,1,-1,1,-1,0,1,1,0,tem_jogo
584,1,1,-1,1,-1,1,1,-1,-1,x_venceu
585,0,-1,0,1,0,1,0,1,-1,tem_jogo
586,-1,-1,0,0,1,0,-1,1,1,tem_jogo
587,1,-1,0,1,0,0,1,0,-1,x_venceu
588,1,-1,1,0,1,0,0,-1,0,tem_jogo
589,-1,-1,1,0,1,1,-1,1,0,tem_jogo
590,0,0,1,-1,-1,-1,0,1,1,o_venceu
591,1,0,0,0,1,-1,0,-1,1,x_venceu
592,1,0,-1,-1,-1,1,-1,1,1,o_venceu
593,-1,0,0,0,0,-1,0,1,1,tem_jogo
594,1,-1,1,-1,1,1,-1,-1,1,x_venceu
595,1,0,-1,0,0,-1,1,1,-1,o_venceu
596,-1,1,1,1,1,-1,-1,1,-1,x_venceu
597,-1,1,0,-1,-1,1,-1,1,1,o_venceu
598,1,0,0,0,0,0,0,-1,0,tem_jogo
599,1,0,0,0,-1,-1,1,0,1,tem_jogo
600,1,1,0,-1,-1,-1,-1,1,1,o_venceu
601,-1,0,-1,1,-1,1,1,1,-1,o_venceu
602,-1,0,1,-1,1,1,0,-1,1,x_venceu
603,-1,-1,0,1,-1,0,1,1,1,x_venceu
604,-1,1,-1,-1,1,1,-1,0,1,o_venceu
605,1,-1,1,-1,1,-1,0,0,1,x_venceu
606,0,1,1,0,-1,-1,0,0,0,tem_jogo
607,-1,1,1,-1,-1,1,1,0,-1,o_venceu
608,-1,0,1,0,-1,0,1,1,-1,o_venceu
609,1,-1,0,0,0,-1,0,0,1,tem_jogo
610,-1,1,1,0,1,-1,0,1,-1,x_venceu
611,0,-1,1,0,1,0,1,-1,0,x_venceu
612,1,-1,1,0,1,-1,-1,0,1,x_venceu
613,1,1,1,0,1,-1,-1,-1,0,x_venceu
614,0,0,-1,1,1,-1,1,0,-1,o_venceu
615,0,0,1,0,0,1,0,0,-1,tem_jogo
616,-1,-1,0,-1,1,0,1,1,1,x_venceu
